References,gal_name,gal_ra_deg,gal_dec_deg,gal_vlsr_km/s,qso_hsla_name,qso_ra_deg,qso_dec_deg,impact_para_kpc,impact_para_err,qso_hsla_snr,qso_snr_stis,gal_z,gal_dmpc,d_err,d_ref,logM*,logM*_err,M*_ref,logM200m,logM200m_err,M200m_ref,logM200c,logM200c_err,M200c_ref,logMHI,logMHI_err,MHI_ref,logSFR_flg,logSFR(Msun/yr),logSFR_err,SFR_ref,R200m_kpc,R200m_err,R200c_kpc,R200c_err,Wr_flg_HI,Wr_HI,eWr_HI,logN_flg_HI,logN_HI,elogN_HI,Wr_flg_SiII,Wr_SiII,eWr_SiII,logN_flg_SiII,logN_SiII,elogN_SiII,Wr_flg_SiIII,Wr_SiIII,eWr_SiIII,logN_flg_SiIII,logN_SiIII,elogN_SiIII,Wr_flg_SiIV,Wr_SiIV,eWr_SiIV,logN_flg_SiIV,logN_SiIV,elogN_SiIV,Wr_flg_CII,Wr_CII,eWr_CII,logN_flg_CII,logN_CII,elogN_CII,Wr_flg_CIV,Wr_CIV,eWr_CIV,logN_flg_CIV,logN_CIV,elogN_CIV,Wr_flg_OVI,Wr_OVI,eWr_OVI,logN_flg_OVI,logN_OVI,elogN_OVI
NewObs/Archived,KKH086,208.64,4.2431,295.11,SDSS-J135726.27+043541.4,209.3595,4.5948,36.0,1.1,18.9,nan,nan,2.58,0.08,D09,6.48,0.07,Dale09+d_ref,10.01,0.02,M21,9.86,0.02,M21,6.1,0.03,H18+d_ref,=,-4.3,0.06,"FUV, Lee11",67.8,1.1,40.8,0.6,,nan,nan,,nan,nan,,nan,nan,,nan,nan,<=(1sig),34.7,nan,<=(1sig),12.24,nan,<=(1sig),13.9,nan,<=(1sig),12.19,nan,,nan,nan,,nan,nan,<=(1sig),15.4,nan,<=(1sig),12.61,nan,,nan,nan,,nan,nan
NewObs/Archived,GR8,194.6683,14.2175,223.09,PGC-1440438,195.1509,13.7849,23.2,0.3,10.9,nan,nan,2.08,0.02,D09,6.67,0.06,Dale09+d_ref,10.08,0.02,M21,9.93,0.02,M21,7.03,0.01,H18+d_ref,=,-2.87,0.02,"FUV, Lee11",71.6,1.1,43.1,0.7,,nan,nan,,nan,nan,<=(1sig),17.1,nan,<=(1sig),12.03,nan,<=(1sig),15.8,nan,<=(1sig),11.89,nan,<=(1sig),7.7,nan,<=(1sig),11.94,nan,,nan,nan,,nan,nan,<=(1sig),22.5,nan,<=(1sig),12.75,nan,,nan,nan,,nan,nan
NewObs/Archived,GR8,194.6683,14.2175,223.09,SDSSJ130223.12+140609.0,195.5963,14.1025,32.9,0.3,9.4,nan,nan,2.08,0.02,D09,6.67,0.06,Dale09+d_ref,10.08,0.02,M21,9.93,0.02,M21,7.03,0.01,H18+d_ref,=,-2.87,0.02,"FUV, Lee11",71.6,1.1,43.0,0.7,,nan,nan,,nan,nan,<=(1sig),17.4,nan,<=(1sig),12.02,nan,<=(1sig),16.9,nan,<=(1sig),11.94,nan,<=(1sig),23.0,nan,<=(1sig),12.44,nan,,nan,nan,,nan,nan,<=(1sig),14.2,nan,<=(1sig),12.55,nan,,nan,nan,,nan,nan
NewObs/Archived,DDO187,213.9854,23.0553,171.04,SDSS-J141038.39+230447.1,212.66,23.0798,47.0,1.3,10.3,nan,nan,2.21,0.06,D09,6.73,0.06,Dale09+d_ref,10.1,0.02,M21,9.95,0.02,M21,7.13,0.02,H18+d_ref,=,-3.22,0.03,"FUV, Lee11",72.7,1.1,43.7,0.7,,nan,nan,,nan,nan,<=(1sig),11.9,nan,<=(1sig),11.88,nan,,nan,nan,,nan,nan,<=(1sig),16.9,nan,<=(1sig),12.28,nan,,nan,nan,,nan,nan,<=(1sig),14.2,nan,<=(1sig),12.57,nan,,nan,nan,,nan,nan
NewObs/Archived,UGCA292,189.6667,32.7667,314.81,2MASS-J12421031+3214268,190.543,32.2408,60.9,0.8,8.2,nan,nan,3.85,0.05,T16,6.88,0.06,Dale09+d_ref,10.16,0.03,M21,10.01,0.03,M21,7.49,0.01,K13_m21+d_ref,=,-2.73,0.02,"FUV, Lee11",76.1,1.7,45.8,1.0,,nan,nan,,nan,nan,<=(1sig),17.3,nan,<=(1sig),12.01,nan,<=(1sig),17.6,nan,<=(1sig),11.97,nan,<=(1sig),19.8,nan,<=(1sig),12.34,nan,<=(1sig),18.1,nan,<=(1sig),12.99,nan,,nan,nan,,nan,nan,,nan,nan,,nan,nan
NewObs/Archived,UGC08833,208.7029,35.8375,231.7,SDSSJ135341.03+361948.0,208.4212,36.3298,30.2,1.1,18.2,nan,nan,3.19,0.12,T16,6.95,0.07,Dale09+d_ref,10.200000000000001,0.04,M21,10.05,0.04,M21,7.21,0.03,H18+d_ref,=,-3.07,0.04,"FUV, Lee11",78.4,2.5,47.2,1.5,,nan,nan,,nan,nan,<=(1sig),10.3,nan,<=(1sig),11.82,nan,<=(1sig),11.2,nan,<=(1sig),11.72,nan,<=(1sig),5.2,nan,<=(1sig),11.76,nan,,nan,nan,,nan,nan,,nan,nan,,nan,nan,,nan,nan,,nan,nan
NewObs/Archived,UGC08833,208.7029,35.8375,231.7,CSO1022,208.359,36.347,32.3,1.2,11.0,nan,nan,3.19,0.12,T16,6.95,0.07,Dale09+d_ref,10.200000000000001,0.04,M21,10.05,0.04,M21,7.21,0.03,H18+d_ref,=,-3.07,0.04,"FUV, Lee11",78.5,2.4,47.2,1.4,,nan,nan,,nan,nan,<=(1sig),12.9,nan,<=(1sig),11.89,nan,<=(1sig),12.3,nan,<=(1sig),11.78,nan,<=(1sig),14.4,nan,<=(1sig),12.21,nan,,nan,nan,,nan,nan,,nan,nan,,nan,nan,,nan,nan,,nan,nan
NewObs/Archived,PGC039646,184.815,6.2939,671.7,MS1217.0+0700,184.8787,6.7261,34.4,nan,11.3,nan,nan,4.51,nan,K13,7.11,nan,K13+d_ref,10.280000000000001,0.0,M21,10.13,0.0,M21,6.45,nan,H18+d_ref,=,-3.39,nan,"FUV, K13_c",83.4,0.0,50.2,0.0,,nan,nan,,nan,nan,<=(1sig),11.2,nan,<=(1sig),11.82,nan,<=(1sig),14.6,nan,<=(1sig),11.83,nan,<=(1sig),15.8,nan,<=(1sig),12.26,nan,<=(1sig),12.1,nan,<=(1sig),12.74,nan,,nan,nan,,nan,nan,,nan,nan,,nan,nan
NewObs/Archived,PGC039646,184.815,6.2939,671.7,PG1216+069,184.8372,6.644,27.6,nan,22.5,nan,nan,4.51,nan,K13,7.11,nan,K13+d_ref,10.280000000000001,0.0,M21,10.13,0.0,M21,6.45,nan,H18+d_ref,=,-3.39,nan,"FUV, K13_c",83.4,0.0,50.2,0.0,,nan,nan,,nan,nan,<=(1sig),7.0,nan,<=(1sig),11.6,nan,<=(1sig),8.8,nan,<=(1sig),11.61,nan,<=(1sig),8.1,nan,<=(1sig),11.95,nan,<=(1sig),9.0,nan,<=(1sig),12.65,nan,,nan,nan,,nan,nan,,nan,nan,,nan,nan
NewObs/Archived,DDO181,204.9742,40.7392,224.2,PG-1338+416,205.2532,41.3872,37.3,0.5,16.6,nan,nan,3.14,0.04,D09,7.32,0.06,Dale09+d_ref,10.39,0.03,M21,10.24,0.03,M21,7.37,0.01,K13_m21+d_ref,=,-2.65,0.02,"FUV, Lee11",90.8,2.2,54.6,1.2,,nan,nan,,nan,nan,<=(1sig),8.5,nan,<=(1sig),11.73,nan,,nan,nan,,nan,nan,,nan,nan,,nan,nan,,nan,nan,,nan,nan,,nan,nan,,nan,nan,,nan,nan,,nan,nan
NewObs/Archived,DDO099,177.7208,38.8806,255.94,SDSSJ114646.00+371511.0,176.6917,37.2531,84.0,2.4,9.3,nan,nan,2.65,0.07,T16,7.32,0.06,Dale09+d_ref,10.39,0.03,M21,10.24,0.03,M21,7.74,0.05,Begum08+d_ref,=,-2.49,0.03,"FUV, Lee11",90.8,2.1,54.6,1.3,,nan,nan,,nan,nan,<=(1sig),15.0,nan,<=(1sig),11.96,nan,<=(1sig),17.1,nan,<=(1sig),11.9,nan,<=(1sig),17.0,nan,<=(1sig),12.31,nan,,nan,nan,,nan,nan,,nan,nan,,nan,nan,,nan,nan,,nan,nan
Liang&Chen2014,SDSSJ122815.96+014944.1,187.0665,1.8289,nan,3C273,187.2779,2.0524,69.5,nan,105.6,18.0,0.003,nan,nan,,7.33,nan,Liang+2014(Kroupa IMF),10.4,nan,M21,10.25,nan,M21,nan,nan,,,nan,nan,Liang+2014,91.5,nan,55.0,nan,=,393.0,8.0,=,13.86,0.01,<=(1sig),2.0,nan,<=(1sig),11.08,nan,<=(1sig),3.5,nan,<=(1sig),11.22,nan,<=(1sig),1.5,nan,<=(1sig),11.23,nan,<=(1sig),2.5,nan,<=(1sig),12.09,nan,<=(1sig),4.0,nan,<=(1sig),12.0,nan,,nan,nan,,nan,nan
NewObs/Archived,Sextans A,152.7533,-4.6928,317.27,RXSJ09565-0452,149.1258,-4.8881,90.9,3.2,17.4,nan,nan,1.44,0.05,T16,7.44,0.07,Dale09+d_ref,10.46,0.04,M21,10.31,0.04,M21,7.95,0.03,Hunter12_rescaled,=,-2.12,0.04,"FUV, Lee11",95.7,3.0,57.6,1.7,,nan,nan,,nan,nan,<=(1sig),12.9,nan,<=(1sig),11.9,nan,<=(1sig),9.9,nan,<=(1sig),11.69,nan,<=(1sig),9.0,nan,<=(1sig),12.0,nan,,nan,nan,,nan,nan,,nan,nan,,nan,nan,,nan,nan,,nan,nan
Qu&Bregman2022,Sextans A,152.7533,-4.6928,317.3,MARK 1253,154.887,-3.3375,63.4,2.3,8.6,nan,nan,1.44,0.05,T16,7.44,0.07,Dale09+d_ref,10.450000000000001,0.04,M21,10.3,0.04,M21,7.95,0.03,Hunter12_rescaled,=,-2.12,0.04,"FUV, Lee11",95.0,3.0,57.2,1.8,,nan,nan,,nan,nan,<=(1sig),7.6,nan,<=(1sig),11.622878745280337,nan,<=(1sig),16.4,nan,<=(1sig),11.922878745280338,nan,<=(1sig),17.0,nan,<=(1sig),12.322878745280338,nan,,nan,nan,,nan,nan,<=(1sig),21.1,nan,<=(1sig),12.722878745280337,nan,,nan,nan,,nan,nan
Qu&Bregman2022,Sextans A,152.7533,-4.6928,317.3,PG 1011-040,153.586,-4.3112,23.0,0.9,29.7,nan,nan,1.44,0.05,T16,7.44,0.07,Dale09+d_ref,10.450000000000001,0.04,M21,10.3,0.04,M21,7.95,0.03,Hunter12_rescaled,=,-2.12,0.04,"FUV, Lee11",95.0,2.9,57.1,1.9,,nan,nan,,nan,nan,<=(1sig),4.3,nan,<=(1sig),11.422878745280338,nan,<=(1sig),5.8,nan,<=(1sig),11.422878745280338,nan,<=(1sig),6.5,nan,<=(1sig),11.822878745280338,nan,,nan,nan,,nan,nan,=,44.2,8.1,=,13.04,0.08,,nan,nan,,nan,nan
NewObs/Archived,UGC06541,173.3712,49.2381,254.22,MRK1447,172.6214,49.5827,44.0,2.1,11.7,nan,nan,4.23,0.19,T16,7.51,0.07,Dale09+d_ref,10.49,0.04,M21,10.34,0.04,M21,7.04,0.04,K13_m21+d_ref,=,-2.31,0.04,"FUV, Lee11",97.8,3.1,59.0,1.8,,nan,nan,,nan,nan,<=(1sig),11.7,nan,<=(1sig),11.85,nan,<=(1sig),12.1,nan,<=(1sig),11.75,nan,<=(1sig),13.0,nan,<=(1sig),12.16,nan,,nan,nan,,nan,nan,<=(1sig),16.7,nan,<=(1sig),12.65,nan,,nan,nan,,nan,nan
NewObs/Archived,Sextans B,150.0004,5.3322,294.01,SDSS-J100535.24+013445.7,151.3969,1.5793,99.8,3.8,10.5,nan,nan,1.43,0.05,T16,7.56,0.07,Dale09+d_ref,10.52,0.04,M21,10.37,0.04,M21,7.57,0.03,H18+d_ref,=,-2.58,0.04,"FUV, Lee11",100.3,3.2,60.4,1.8,,nan,nan,,nan,nan,<=(1sig),14.5,nan,<=(1sig),11.94,nan,<=(1sig),15.9,nan,<=(1sig),11.91,nan,<=(1sig),12.6,nan,<=(1sig),12.17,nan,,nan,nan,,nan,nan,<=(1sig),13.7,nan,<=(1sig),12.54,nan,,nan,nan,,nan,nan
NewObs/Archived,Sextans B,150.0004,5.3322,294.01,SDSSJ095915.65+050355.1,149.8152,5.0653,8.1,0.3,10.8,nan,nan,1.43,0.05,T16,7.56,0.07,Dale09+d_ref,10.52,0.04,M21,10.37,0.04,M21,7.57,0.03,H18+d_ref,=,-2.58,0.04,"FUV, Lee11",100.2,3.1,60.4,1.9,,nan,nan,,nan,nan,<=(1sig),17.0,nan,<=(1sig),12.02,nan,=,79.6,9.8,=,12.72,0.06,=,24.0,8.1,=,12.45,0.13,,nan,nan,,nan,nan,=,121.4,23.1,=,13.63,0.05,,nan,nan,,nan,nan
Qu&Bregman2022,Sextans B,150.0004,5.3322,294.0,PG 1001+054,151.084,5.2168,27.1,1.0,15.6,nan,nan,1.43,0.05,T16,7.56,0.07,Dale09+d_ref,10.52,0.04,M21,10.37,0.04,M21,7.57,0.03,H18+d_ref,=,-2.58,0.04,"FUV, Lee11",100.3,3.2,60.4,1.9,,nan,nan,,nan,nan,<=(1sig),8.4,nan,<=(1sig),11.722878745280337,nan,<=(1sig),8.2,nan,<=(1sig),11.622878745280337,nan,<=(1sig),10.4,nan,<=(1sig),12.122878745280337,nan,,nan,nan,,nan,nan,<=(1sig),16.8,nan,<=(1sig),12.622878745280337,nan,,nan,nan,,nan,nan
NewObs/Archived,DDO190,216.1812,44.5258,161.98,2MASXJ14292507+4518318,217.3545,45.3089,56.6,0.8,11.6,nan,nan,2.84,0.04,J09,7.65,0.06,Dale09+d_ref,10.57,0.03,M21,10.42,0.03,M21,7.65,0.01,SI02_d_ref,=,-2.43,0.02,"FUV, Lee11",104.2,2.4,62.7,1.4,,nan,nan,,nan,nan,<=(1sig),10.8,nan,<=(1sig),11.82,nan,<=(1sig),11.3,nan,<=(1sig),11.74,nan,<=(1sig),14.5,nan,<=(1sig),12.23,nan,,nan,nan,,nan,nan,<=(1sig),21.1,nan,<=(1sig),12.73,nan,,nan,nan,,nan,nan
NewObs/Archived,DDO190,216.1812,44.5258,161.98,QSO-B1411+4414,213.4514,44.0039,100.2,1.3,30.0,nan,nan,2.84,0.04,J09,7.65,0.06,Dale09+d_ref,10.57,0.03,M21,10.42,0.03,M21,7.65,0.01,SI02_d_ref,=,-2.43,0.02,"FUV, Lee11",104.3,2.4,62.7,1.4,,nan,nan,,nan,nan,<=(1sig),4.7,nan,<=(1sig),11.45,nan,<=(1sig),3.7,nan,<=(1sig),11.24,nan,<=(1sig),5.8,nan,<=(1sig),11.81,nan,<=(1sig),3.3,nan,<=(1sig),12.21,nan,<=(1sig),8.4,nan,<=(1sig),12.32,nan,,nan,nan,,nan,nan
NewObs/Archived,DDO190,216.1812,44.5258,161.98,PG1415+451,214.2534,44.9351,70.8,1.0,12.9,nan,nan,2.84,0.04,J09,7.65,0.06,Dale09+d_ref,10.57,0.03,M21,10.42,0.03,M21,7.65,0.01,SI02_d_ref,=,-2.43,0.02,"FUV, Lee11",104.2,2.4,62.7,1.5,,nan,nan,,nan,nan,<=(1sig),11.4,nan,<=(1sig),11.85,nan,<=(1sig),11.5,nan,<=(1sig),11.74,nan,<=(1sig),15.7,nan,<=(1sig),12.26,nan,<=(1sig),8.7,nan,<=(1sig),12.65,nan,<=(1sig),13.9,nan,<=(1sig),12.52,nan,,nan,nan,,nan,nan
NewObs/Archived,UGC08638,204.8308,24.7758,285.36,SDSS-J133833.06+251640.6,204.6378,25.278,39.8,0.6,10.8,nan,nan,4.29,0.06,T16,7.69,0.06,Dale09+d_ref,10.59,0.03,M21,10.44,0.03,M21,7.27,0.01,H18+d_ref,=,-2.46,0.02,"FUV, Lee11",105.9,2.4,63.6,1.5,,nan,nan,,nan,nan,<=(1sig),9.7,nan,<=(1sig),11.77,nan,<=(1sig),15.3,nan,<=(1sig),11.87,nan,<=(1sig),19.8,nan,<=(1sig),12.34,nan,,nan,nan,,nan,nan,<=(1sig),20.8,nan,<=(1sig),12.73,nan,,nan,nan,,nan,nan
Johnson+2017,D9,231.0971,9.9828,nan,PG-1522+101,231.1024,9.9749,84.0,nan,12.8,nan,0.1391,nan,nan,,7.73,nan,Johnson+2017(Kroupa IMF),10.610000000000001,nan,M21,10.46,nan,M21,nan,nan,,,nan,nan,,107.5,nan,64.7,nan,=,60.0,10.0,=,13.04,0.07,<=(1sig),10.0,nan,<=(1sig),11.78,nan,<=(1sig),5.0,nan,<=(1sig),11.38,nan,<=(1sig),20.0,nan,<=(1sig),12.36,nan,,nan,nan,,nan,nan,<=(1sig),10.0,nan,<=(1sig),12.39,nan,=,50.0,10.0,=,13.6,0.09
NewObs/Archived,UGC07485,186.0925,21.16,963.85,PG1222+216,186.2269,21.3795,35.0,nan,19.1,nan,nan,7.94,nan,K13,7.89,nan,K13+d_ref,10.69,0.0,M21,10.54,0.0,M21,7.12,nan,H18+d_ref,=,-2.72,nan,"FUV, K13_c",114.3,0.0,68.8,0.0,,nan,nan,,nan,nan,<=(1sig),8.2,nan,<=(1sig),11.72,nan,<=(1sig),10.4,nan,<=(1sig),11.68,nan,,nan,nan,,nan,nan,<=(1sig),9.1,nan,<=(1sig),12.65,nan,<=(1sig),8.1,nan,<=(1sig),12.3,nan,,nan,nan,,nan,nan
Johnson+2017,D1,98.9358,-75.2717,nan,PKS0637-752,98.9438,-75.2713,16.0,nan,24.8,nan,0.1229,nan,nan,,7.93,nan,Johnson+2017(Kroupa IMF),10.71,nan,M21,10.56,nan,M21,nan,nan,,,nan,nan,,116.1,nan,69.8,nan,=,690.0,10.0,=,15.7,0.4,<=(1sig),10.0,nan,<=(1sig),11.78,nan,=,130.0,10.0,=,13.14,0.03,,nan,nan,,nan,nan,,nan,nan,,nan,nan,=,130.0,10.0,=,13.73,0.04,=,120.0,10.0,=,14.1,0.03
Zheng+2020b,IC1613,16.1992,2.1333,-236.39,2MASX J01022632-0039045,15.6097,-0.6513,37.7,1.1,8.0,nan,nan,0.76,0.02,T16,8.0,0.09,M12_rescaled,10.75,0.05,M21,10.6,0.05,M21,7.66,0.02,H18+d_ref,=,-2.23,0.03,"FUV, Lee11",119.5,4.7,72.0,2.7,,nan,nan,,nan,nan,=,562.13,38.83,=,13.53,0.03,=,299.4,17.5,=,13.38,0.06,=,84.0,15.1,=,13.02,0.07,=,390.7,13.7,=,14.52,0.04,=,205.7,22.4,=,13.78,0.05,,nan,nan,,nan,nan
Zheng+2020b,IC1613,16.1992,2.1333,-236.39,LBQS-0101+0009,15.9281,0.427,22.9,0.6,7.5,nan,nan,0.76,0.02,T16,8.0,0.09,M12_rescaled,10.75,0.05,M21,10.6,0.05,M21,7.66,0.02,H18+d_ref,=,-2.23,0.03,"FUV, Lee11",119.5,4.7,72.0,2.7,,nan,nan,,nan,nan,=,256.94,35.5,=,13.19,0.06,=,271.3,23.1,=,13.3,0.05,<=(1sig),11.700000000000001,nan,<=(1sig),12.312878745280337,nan,=,189.9,14.8,=,14.21,0.05,=,144.4,23.2,=,13.64,0.07,,nan,nan,,nan,nan
Zheng+2020b,IC1613,16.1992,2.1333,-236.39,LBQS-0100+0205,15.8041,2.3528,6.0,0.2,7.6,nan,nan,0.76,0.02,T16,8.0,0.09,M12_rescaled,10.75,0.05,M21,10.6,0.05,M21,7.66,0.02,H18+d_ref,=,-2.23,0.03,"FUV, Lee11",119.5,4.7,72.0,2.7,,nan,nan,,nan,nan,<=(1sig),59.25,nan,<=(1sig),12.552878745280337,nan,=,126.2,16.6,=,12.96,0.06,=,65.6,13.2,=,13.0,0.07,<=(1sig),16.3,nan,<=(1sig),13.262878745280338,nan,=,117.3,27.5,=,13.57,0.09,,nan,nan,,nan,nan
Bordoloi+2014,316_200,164.8985,14.7355,nan,SDSSJ105945.23+144142.9,164.9385,14.6953,41.0,nan,9.1,nan,0.01,nan,nan,,8.02,nan,Bordoloi14(Kroupa IMF),10.76,nan,M21,10.61,nan,M21,nan,nan,,=,-0.9,nan,Bordoloi+2014,120.6,nan,72.5,nan,>,385.6,17.4,>,14.23,0.04,,nan,nan,,nan,nan,,nan,nan,,nan,nan,,nan,nan,,nan,nan,,nan,nan,,nan,nan,<=(1sig),16.0,nan,<=(1sig),12.76,nan,,nan,nan,,nan,nan
Johnson+2017,D2,98.9404,-75.2731,nan,PKS0637-752,98.9438,-75.2713,21.0,nan,24.8,nan,0.1613,nan,nan,,8.13,nan,Johnson+2017(Kroupa IMF),10.82,nan,M21,10.67,nan,M21,nan,nan,,,nan,nan,,126.3,nan,76.0,nan,=,770.0,100.0,=,15.06,0.02,<=(1sig),5.0,nan,<=(1sig),11.48,nan,=,70.0,10.0,=,12.48,0.05,<=(1sig),10.0,nan,<=(1sig),12.05,nan,,nan,nan,,nan,nan,,nan,nan,,nan,nan,=,130.0,10.0,=,14.17,0.02
Johnson+2017,D4,151.0096,28.92,nan,PG1001+291,151.0108,28.9264,56.0,nan,20.3,nan,0.138,nan,nan,,8.23,nan,Johnson+2017(Kroupa IMF),10.870000000000001,nan,M21,10.72,nan,M21,nan,nan,,,nan,nan,,131.2,nan,78.9,nan,=,690.0,10.0,=,14.1,0.01,<=(1sig),5.0,nan,<=(1sig),11.48,nan,,nan,nan,,nan,nan,<=(1sig),15.0,nan,<=(1sig),12.23,nan,,nan,nan,,nan,nan,<=(1sig),20.0,nan,<=(1sig),12.7,nan,=,110.0,10.0,=,13.94,0.04
Bordoloi+2014,124_197,47.661,-0.8621,nan,SDSSJ031027.82-004950.7,47.6158,-0.8308,101.0,nan,9.2,nan,0.026,nan,nan,,8.32,nan,Bordoloi14(Kroupa IMF),10.92,nan,M21,10.77,nan,M21,nan,nan,,=,-1.4,nan,Bordoloi+2014,136.4,nan,82.0,nan,=,360.1,17.8,=,14.1,0.03,,nan,nan,,nan,nan,,nan,nan,,nan,nan,,nan,nan,,nan,nan,,nan,nan,,nan,nan,<=(1sig),21.0,nan,<=(1sig),12.74,nan,,nan,nan,,nan,nan
Bordoloi+2014,172_157,142.2988,46.6964,nan,SDSSJ092909.79+464424.0,142.2908,46.74,52.0,nan,16.0,nan,0.017,nan,nan,,8.32,nan,Bordoloi14(Kroupa IMF),10.92,nan,M21,10.77,nan,M21,nan,nan,,=,-0.2,nan,Bordoloi+2014,136.4,nan,82.0,nan,>,845.5,15.6,>,14.57,0.02,,nan,nan,,nan,nan,,nan,nan,,nan,nan,,nan,nan,,nan,nan,,nan,nan,,nan,nan,=,173.0,22.0,=,13.73,0.05,,nan,nan,,nan,nan
Johnson+2017,D7,61.9554,-12.2044,nan,PKS0405-123,61.9518,-12.1935,72.0,nan,45.3,nan,0.0923,nan,nan,,8.33,nan,Johnson+2017(Kroupa IMF),10.92,nan,M21,10.77,nan,M21,nan,nan,,,nan,nan,,136.4,nan,82.0,nan,=,470.0,10.0,=,13.94,0.01,<=(1sig),5.0,nan,<=(1sig),11.48,nan,,nan,nan,,nan,nan,<=(1sig),10.0,nan,<=(1sig),12.05,nan,,nan,nan,,nan,nan,<=(1sig),5.0,nan,<=(1sig),12.09,nan,=,80.0,10.0,=,13.81,0.05
NewObs/Archived,NGC5408,210.8396,-41.3764,502.87,PKS1355-41,209.7508,-41.8813,89.0,4.2,17.5,nan,nan,5.32,0.25,T16,8.34,0.04,K13+d_ref,10.93,0.02,M21,10.78,0.02,M21,8.48,0.04,K13_m21+d_ref,=,-1.05,0.04,"Halpha, Kennicutt08",137.4,2.1,82.6,1.3,,nan,nan,,nan,nan,<=(1sig),7.8,nan,<=(1sig),11.66,nan,<=(1sig),10.3,nan,<=(1sig),11.68,nan,<=(1sig),8.6,nan,<=(1sig),11.99,nan,<=(1sig),10.3,nan,<=(1sig),12.69,nan,,nan,nan,,nan,nan,,nan,nan,,nan,nan
Bordoloi+2014,87_608,150.596,59.7429,nan,SDSSJ100102.55+594414.3,150.261,59.7373,135.0,nan,10.8,nan,0.011,nan,nan,,8.52,nan,Bordoloi14(Kroupa IMF),11.02,nan,M21,10.87,nan,M21,nan,nan,,=,-1.0,nan,Bordoloi+2014,147.2,nan,88.6,nan,=,276.4,18.2,=,13.92,0.03,,nan,nan,,nan,nan,,nan,nan,,nan,nan,,nan,nan,,nan,nan,,nan,nan,,nan,nan,<=(1sig),15.0,nan,<=(1sig),12.59,nan,,nan,nan,,nan,nan
Johnson+2017,D8,236.9392,20.8614,nan,Q1545+210,236.9313,20.8712,79.0,nan,10.2,nan,0.0949,nan,nan,,8.53,nan,Johnson+2017(Kroupa IMF),11.030000000000001,nan,M21,10.88,nan,M21,nan,nan,,,nan,nan,,148.4,nan,89.3,nan,<=(1sig),5.0,nan,<=(1sig),11.96,nan,<=(1sig),10.0,nan,<=(1sig),11.78,nan,<=(1sig),5.0,nan,<=(1sig),11.38,nan,,nan,nan,,nan,nan,,nan,nan,,nan,nan,<=(1sig),15.0,nan,<=(1sig),12.57,nan,<=(1sig),10.0,nan,<=(1sig),12.9,nan
Johnson+2017,D5,98.9346,-75.2653,nan,PKS0637-752,98.9438,-75.2713,57.0,nan,24.8,nan,0.1436,nan,nan,,8.63,nan,Johnson+2017(Kroupa IMF),11.08,nan,M21,10.93,nan,M21,nan,nan,,,nan,nan,,154.2,nan,92.7,nan,=,1140.0,70.0,=,14.32,0.03,<=(1sig),5.0,nan,<=(1sig),11.48,nan,,nan,nan,,nan,nan,<=(1sig),10.0,nan,<=(1sig),12.05,nan,,nan,nan,,nan,nan,,nan,nan,,nan,nan,<=(1sig),5.0,nan,<=(1sig),12.6,nan
NewObs/Archived,NGC4144,182.4971,46.4572,271.53,PG-1206+459,182.2417,45.6765,64.5,1.6,20.0,nan,nan,4.61,0.11,J09,8.72,0.06,Dale09+d_ref,11.13,0.03,M21,10.98,0.03,M21,8.36,0.02,K13_m21+d_ref,=,-1.67,0.03,"FUV, Lee11",160.2,3.7,96.3,2.3,,nan,nan,,nan,nan,<=(1sig),7.2,nan,<=(1sig),11.62,nan,<=(1sig),6.1,nan,<=(1sig),11.47,nan,,nan,nan,,nan,nan,,nan,nan,,nan,nan,,nan,nan,,nan,nan,,nan,nan,,nan,nan
Bordoloi+2014,257_269,122.1781,46.3081,nan,SDSSJ080908.13+461925.6,122.2839,46.3238,125.0,nan,11.6,nan,0.024,nan,nan,,8.82,nan,Bordoloi14(Kroupa IMF),11.18,nan,M21,11.03,nan,M21,nan,nan,,=,-0.6,nan,Bordoloi+2014,166.5,nan,100.1,nan,=,266.7,17.9,=,13.78,0.03,,nan,nan,,nan,nan,,nan,nan,,nan,nan,,nan,nan,,nan,nan,,nan,nan,,nan,nan,<=(1sig),14.0,nan,<=(1sig),12.58,nan,,nan,nan,,nan,nan
Bordoloi+2014,135_580,147.0033,9.9709,nan,SDSSJ094733.21+100508.7,146.8884,10.0858,120.0,nan,11.0,nan,0.01,nan,nan,,8.82,nan,Bordoloi14(Kroupa IMF),11.18,nan,M21,11.03,nan,M21,nan,nan,,=,-1.0,nan,Bordoloi+2014,166.5,nan,100.1,nan,=,198.0,24.8,=,13.63,0.05,,nan,nan,,nan,nan,,nan,nan,,nan,nan,,nan,nan,,nan,nan,,nan,nan,,nan,nan,<=(1sig),20.0,nan,<=(1sig),12.72,nan,,nan,nan,,nan,nan
Bordoloi+2014,329_403,28.8177,-8.8543,nan,SDSSJ015530.02-085704.0,28.8752,-8.9511,105.0,nan,8.1,nan,0.013,nan,nan,,8.82,nan,Bordoloi14(Kroupa IMF),11.18,nan,M21,11.03,nan,M21,nan,nan,,=,-0.8,nan,Bordoloi+2014,166.5,nan,100.1,nan,<=(1sig),13.6,nan,<=(1sig),12.4,nan,,nan,nan,,nan,nan,,nan,nan,,nan,nan,,nan,nan,,nan,nan,,nan,nan,,nan,nan,<=(1sig),28.0,nan,<=(1sig),12.85,nan,,nan,nan,,nan,nan
Johnson+2017,D3,38.7821,-4.0372,nan,HB89-0232-042,38.7808,-4.0349,48.0,nan,11.8,nan,0.296,nan,nan,,8.83,nan,Johnson+2017(Kroupa IMF),11.19,nan,M21,11.04,nan,M21,nan,nan,,,nan,nan,,167.8,nan,100.9,nan,=,410.0,10.0,=,13.88,0.01,<=(1sig),10.0,nan,<=(1sig),11.78,nan,<=(1sig),10.0,nan,<=(1sig),11.68,nan,<=(1sig),50.0,nan,<=(1sig),12.75,nan,,nan,nan,,nan,nan,<=(1sig),45.0,nan,<=(1sig),13.05,nan,<=(1sig),10.0,nan,<=(1sig),12.9,nan
Johnson+2017,D12,231.0954,9.9853,nan,PG-1522+101,231.1024,9.9749,169.0,nan,12.8,nan,0.2402,nan,nan,,8.93,nan,Johnson+2017(Kroupa IMF),11.24,nan,M21,11.09,nan,M21,nan,nan,,,nan,nan,,174.3,nan,104.9,nan,=,230.0,10.0,=,13.63,0.02,<=(1sig),5.0,nan,<=(1sig),11.48,nan,,nan,nan,,nan,nan,<=(1sig),10.0,nan,<=(1sig),12.05,nan,,nan,nan,,nan,nan,<=(1sig),35.0,nan,<=(1sig),12.94,nan,<=(1sig),10.0,nan,<=(1sig),12.9,nan
Bordoloi+2014,322_238,205.5779,38.5367,nan,SDSSJ134231.22+382903.4,205.6305,38.4843,54.0,nan,9.9,nan,0.012,nan,nan,,9.02,nan,Bordoloi14(Kroupa IMF),11.290000000000001,nan,M21,11.14,nan,M21,nan,nan,,<,-1.8,nan,Bordoloi+2014,181.1,nan,109.0,nan,=,509.3,20.1,=,14.26,0.03,,nan,nan,,nan,nan,,nan,nan,,nan,nan,,nan,nan,,nan,nan,,nan,nan,,nan,nan,<=(1sig),19.0,nan,<=(1sig),12.77,nan,,nan,nan,,nan,nan
Johnson+2017,D13,219.4354,-1.8028,nan,LBQS-1435-0134,219.4512,-1.7863,173.0,nan,12.0,nan,0.1161,nan,nan,,9.03,nan,Johnson+2017(Kroupa IMF),11.290000000000001,nan,M21,11.14,nan,M21,nan,nan,,,nan,nan,,181.1,nan,109.0,nan,=,30.0,10.0,=,12.74,0.14,<=(1sig),5.0,nan,<=(1sig),11.48,nan,<=(1sig),5.0,nan,<=(1sig),11.38,nan,<=(1sig),10.0,nan,<=(1sig),12.05,nan,,nan,nan,,nan,nan,<=(1sig),10.0,nan,<=(1sig),12.39,nan,<=(1sig),15.0,nan,<=(1sig),13.08,nan
Liang&Chen2014,SDSSJ112418.74+420323.1,171.0781,42.0564,nan,PG1121+422,171.1631,42.0292,122.6,nan,18.2,nan,0.0246,nan,nan,,9.03,nan,Liang+2014(Kroupa IMF),11.290000000000001,nan,M21,11.14,nan,M21,nan,nan,,,-1.17,nan,Liang+2014,181.1,nan,109.0,nan,=,512.0,9.0,=,13.97,0.01,,nan,nan,,nan,nan,,nan,nan,,nan,nan,<=(1sig),8.0,nan,<=(1sig),11.96,nan,<=(1sig),7.5,nan,<=(1sig),12.57,nan,<=(1sig),11.5,nan,<=(1sig),12.46,nan,,nan,nan,,nan,nan
Bordoloi+2014,93_248,209.3748,17.0748,nan,SDSSJ135712.61+170444.1,209.3025,17.0789,124.0,nan,14.8,nan,0.026,nan,nan,,9.12,nan,Bordoloi14(Kroupa IMF),11.34,nan,M21,11.19,nan,M21,nan,nan,,=,-0.4,nan,Bordoloi+2014,188.2,nan,113.2,nan,<=(1sig),10.0,nan,<=(1sig),12.26,nan,,nan,nan,,nan,nan,,nan,nan,,nan,nan,,nan,nan,,nan,nan,,nan,nan,,nan,nan,<=(1sig),17.0,nan,<=(1sig),12.63,nan,,nan,nan,,nan,nan
Liang&Chen2014,SDSSJ112644.33+590926.0,171.6846,59.1556,nan,SBS1122+594,171.4741,59.1727,32.4,nan,10.5,nan,0.004,nan,nan,,9.13,nan,Liang+2014(Kroupa IMF),11.34,nan,M21,11.19,nan,M21,nan,nan,,,-0.98,nan,Liang+2014,188.2,nan,113.2,nan,=,993.0,15.0,=,14.26,0.01,,nan,nan,,nan,nan,=,290.0,11.0,=,13.14,0.02,=,166.0,12.0,=,13.27,0.03,=,106.0,12.0,=,13.72,0.05,=,586.0,12.0,=,14.16,0.01,,nan,nan,,nan,nan
Liang&Chen2014,SDSSJ121413.94+140330.4,183.5581,14.0584,nan,PG1211+143,183.5736,14.0537,70.1,nan,21.5,12.0,0.0644,nan,nan,,9.13,nan,Liang+2014(Kroupa IMF),11.34,nan,M21,11.19,nan,M21,nan,nan,,,nan,nan,Liang+2014,188.2,nan,113.2,nan,=,859.0,9.0,=,14.2,0.0,<=(1sig),2.0,nan,<=(1sig),11.08,nan,<=(1sig),3.0,nan,<=(1sig),11.15,nan,<=(1sig),5.0,nan,<=(1sig),11.75,nan,<=(1sig),5.0,nan,<=(1sig),12.39,nan,<=(1sig),7.5,nan,<=(1sig),12.27,nan,,nan,nan,,nan,nan
Bordoloi+2014,210_241,205.4934,5.0321,nan,SDSSJ134206.56+050523.8,205.527,5.09,116.0,nan,8.5,nan,0.025,nan,nan,,9.22,nan,Bordoloi14(Kroupa IMF),11.39,nan,M21,11.24,nan,M21,nan,nan,,=,-0.5,nan,Bordoloi+2014,195.6,nan,117.7,nan,>,928.1,22.0,>,14.65,0.02,,nan,nan,,nan,nan,,nan,nan,,nan,nan,,nan,nan,,nan,nan,,nan,nan,,nan,nan,<=(1sig),17.0,nan,<=(1sig),13.05,nan,,nan,nan,,nan,nan
Johnson+2017,D6,219.4567,-1.7842,nan,LBQS-1435-0134,219.4512,-1.7863,63.0,nan,12.0,nan,0.1839,nan,nan,,9.23,nan,Johnson+2017(Kroupa IMF),11.4,nan,M21,11.25,nan,M21,nan,nan,,,nan,nan,,197.1,nan,118.6,nan,=,540.0,10.0,=,14.0,0.01,<=(1sig),5.0,nan,<=(1sig),11.48,nan,<=(1sig),5.0,nan,<=(1sig),11.38,nan,<=(1sig),5.0,nan,<=(1sig),11.75,nan,,nan,nan,,nan,nan,<=(1sig),35.0,nan,<=(1sig),12.94,nan,=,130.0,10.0,=,14.02,0.03
Bordoloi+2014,70_57,202.7397,31.3306,nan,SDSSJ133053.27+311930.5,202.722,31.3252,37.0,nan,9.0,nan,0.034,nan,nan,,9.32,nan,Bordoloi14(Kroupa IMF),11.44,nan,M21,11.29,nan,M21,nan,nan,,=,-0.6,nan,Bordoloi+2014,203.2,nan,122.3,nan,>,830.8,18.3,>,14.65,0.02,,nan,nan,,nan,nan,,nan,nan,,nan,nan,,nan,nan,,nan,nan,,nan,nan,,nan,nan,=,406.0,30.0,=,14.27,0.03,,nan,nan,,nan,nan
Liang&Chen2014,SDSSJ000545.07+160853.3,1.4378,16.1481,nan,PG0003+158,1.4968,16.1636,156.2,nan,24.2,nan,0.0372,nan,nan,,9.33,nan,Liang+2014(Kroupa IMF),11.450000000000001,nan,M21,11.3,nan,M21,nan,nan,,,-0.76,nan,Liang+2014,204.8,nan,123.2,nan,,nan,nan,,nan,nan,<=(1sig),4.5,nan,<=(1sig),11.43,nan,<=(1sig),3.5,nan,<=(1sig),11.22,nan,,nan,nan,,nan,nan,<=(1sig),5.5,nan,<=(1sig),12.44,nan,<=(1sig),12.0,nan,<=(1sig),12.47,nan,,nan,nan,,nan,nan
Bordoloi+2014,316_78,162.949,-0.839,nan,PG1049-005,162.9643,-0.8549,58.0,nan,10.5,nan,0.039,nan,nan,,9.42,nan,Bordoloi14(Kroupa IMF),11.5,nan,M21,11.35,nan,M21,nan,nan,,=,-0.3,nan,Bordoloi+2014,212.8,nan,128.0,nan,>,508.9,14.7,>,14.43,0.03,,nan,nan,,nan,nan,,nan,nan,,nan,nan,,nan,nan,,nan,nan,,nan,nan,,nan,nan,<=(1sig),16.0,nan,<=(1sig),12.68,nan,,nan,nan,,nan,nan
